class_id,class_name,n_test_samples,top1_accuracy_percent,mean_true_class_probability,std_true_class_probability,,,,,,,,,,,,,,,,,,,,,,,,,,,,
0,a,28,92.85714286,0.898957207,0.267723778,,,,,,,,,,,,,,,,,,,,,,,,,,,,
1,b,28,100,1,0,,,,,,,,,,,,,,,,,,,,,,,,,,,,
2,c,28,100,1,0,,,,,,,,,,,,,,,,,,,,,,,,,,,,
3,d,28,100,1,0,,,,,,,,,,,,,,,,,,,,,,,,,,,,
4,e,28,85.71428571,0.86727128,0.326626192,,,,,,,,,,,,,,,,,,,,,,,,,,,,
5,f,28,85.71428571,0.857152357,0.356220363,,,,,,,,,,,,,,,,,,,,,,,,,,,,
6,g,28,71.42857143,0.712799094,0.441300714,,,,,,,,,,,,,,,,,,,,,,,,,,,,
7,h,28,75,0.743733896,0.437494667,,,,,,,,,,,,,,,,,,,,,,,,,,,,
8,i,28,100,0.99999927,3.86E-06,,,,,,,,,,,,,,,,,,,,,,,,,,,,
9,j,28,67.85714286,0.684473058,0.451577115,,,,,,,,,,,,,,,,,,,,,,,,,,,,
10,k,28,42.85714286,0.43367377,0.47964076,,,,,,,,,,,,,,,,,,,,,,,,,,,,
11,l,28,78.57142857,0.789385535,0.409750384,,,,,,,,,,,,,,,,,,,,,,,,,,,,
12,m,28,96.42857143,0.964285714,0.188982237,,,,,,,,,,,,,,,,,,,,,,,,,,,,
13,n,28,67.85714286,0.705613084,0.434969796,,,,,,,,,,,,,,,,,,,,,,,,,,,,
14,o,28,78.57142857,0.782742382,0.390767753,,,,,,,,,,,,,,,,,,,,,,,,,,,,
15,p,28,57.14285714,0.547620089,0.47601356,,,,,,,,,,,,,,,,,,,,,,,,,,,,
16,q,28,75,0.705983494,0.432593416,,,,,,,,,,,,,,,,,,,,,,,,,,,,
17,r,28,92.85714286,0.914397248,0.261961492,,,,,,,,,,,,,,,,,,,,,,,,,,,,
18,s,28,89.28571429,0.907381433,0.27451626,,,,,,,,,,,,,,,,,,,,,,,,,,,,
19,t,28,100,1,0,,,,,,,,,,,,,,,,,,,,,,,,,,,,
20,u,28,78.57142857,0.787009289,0.410743711,,,,,,,,,,,,,,,,,,,,,,,,,,,,
21,v,28,92.85714286,0.928570929,0.262263589,,,,,,,,,,,,,,,,,,,,,,,,,,,,
22,w,28,96.42857143,0.954483384,0.193477483,,,,,,,,,,,,,,,,,,,,,,,,,,,,
23,x,28,64.28571429,0.582130544,0.455703028,,,,,,,,,,,,,,,,,,,,,,,,,,,,
24,y,28,57.14285714,0.581408623,0.441502554,,,,,,,,,,,,,,,,,,,,,,,,,,,,
25,z,28,50,0.498903306,0.506349194,,,,,,,,,,,,,,,,,,,,,,,,,,,,
26,do_nothing,28,92.85714286,0.923516156,0.245824603,,,,,,,,,,,,,,,,,,,,,,,,,,,,
