protocol,length,count,percentage
15_words,5,8,53.333333333333336
15_words,6,7,46.666666666666664
50_words,3,1,2.0
50_words,4,5,10.0
50_words,5,5,10.0
50_words,6,6,12.0
50_words,7,10,20.0
50_words,8,8,16.0
50_words,9,4,8.0
50_words,10,6,12.0
50_words,11,2,4.0
50_words,12,3,6.0
12500_words,3,718,5.744
12500_words,4,1143,9.144
12500_words,5,1643,13.144
12500_words,6,1946,15.568
12500_words,7,2020,16.16
12500_words,8,1694,13.552
12500_words,9,1328,10.624
12500_words,10,956,7.648
12500_words,11,659,5.272
12500_words,12,393,3.144
