word,length,frequency_rank,zipf_frequency
the,3,1,7.73
introduction,12,2900,4.52
thunder,7,5744,4.14
transported,11,8619,3.88
clusters,8,11519,3.68
squeezed,8,14421,3.53
desks,5,17344,3.39
blazer,6,20299,3.27
disgraced,9,23242,3.17
pondering,9,26203,3.08
aristocrat,10,29167,2.99
raccoons,8,32142,2.92
trouser,7,35123,2.85
protease,8,38114,2.78
entomologist,12,41107,2.71
cinch,5,44118,2.65
lidl,4,47160,2.6
recalcitrant,12,50183,2.55
seraphim,8,53237,2.5
nubia,5,56325,2.45
fateh,5,59388,2.4
reassessed,10,62443,2.36
sikhism,7,65503,2.32
sextant,7,68628,2.28
parkview,8,71778,2.24
countywide,10,74853,2.2
mobb,4,77932,2.17
wrongness,9,81041,2.14
danang,6,84146,2.1
foreland,8,87296,2.07
enteral,7,90410,2.04
clarets,7,93554,2.01
vronsky,7,96649,1.99
revivalism,10,99767,1.96
junger,6,102924,1.93
vesalius,8,106034,1.91
horncastle,10,109195,1.88
schwa,5,112326,1.86
boerne,6,115457,1.83
inra,4,118568,1.81
noss,4,121703,1.79
rajagopalan,11,124823,1.77
salters,7,127939,1.75
skinwalker,10,131067,1.73
ssas,4,134216,1.71
rapson,6,137375,1.69
nonces,6,140551,1.67
lacalle,7,143700,1.65
garnsey,7,146862,1.63
blogposts,9,150000,1.61
